Epoch,T Loss,Val Acc
1,0.758773,0.94238
2,0.197159,0.976164
3,0.113277,0.986299
4,0.095785,0.984422
5,0.073829,0.969595
6,0.078185,0.981044
