Epoch,T Loss,Val Acc
1,2.502862,0.45289
2,1.306323,0.716029
3,0.790322,0.811562
4,0.518317,0.866179
5,0.388993,0.894707
6,0.296156,0.913851
7,0.254528,0.908221
8,0.204686,0.940128
9,0.174445,0.958896
10,0.147271,0.94482
11,0.14163,0.953453
12,0.124427,0.941254
13,0.1087,0.965278
14,0.133619,0.965465
15,0.092301,0.968281
16,0.085848,0.969032
17,0.077772,0.974287
18,0.087686,0.970908
